"b'@suestwitpage @JulieOwenMoylan I am not aware of the ins &amp; outs of the French voting system, but somethings we have\xe2\x80\xa6 https://t.co/BFVWLZHsx8'"
"b""So protesting requirement for voter Id and/or government Id for signature match? Protesting says you're okay with c\xe2\x80\xa6 https://t.co/n7880UGRCZ"""
"b'as the source of a leaked National Security Agency document, which detailed alleged Russian interference in the 201\xe2\x80\xa6 https://t.co/K35RoPjdRJ'"
b'@Suewilson91 The membership needs to understand that in order to win and election you need to take the electorate w\xe2\x80\xa6 https://t.co/HPwISDUBuu'
"b'@synapsize @FiveThirtyEight \xf0\x9f\x91\x8b\xf0\x9f\x8f\xbbnot GOP, just someone who has watched media turn into nothing but propaganda in the l\xe2\x80\xa6 https://t.co/eg5X6HEUoa'"
"b'Half of Republicans believe the insurrection was a non-violent protest or was the handiwork of left-wing activists,\xe2\x80\xa6 https://t.co/j0nN2TWzRy'"
"b'Hey @60Minutes, you missed this one as well\n\n""Pharma majors such as Pfizer, Amgen, Abbvie and Johnson &amp; Johnson mad\xe2\x80\xa6 https://t.co/OW2fC9drRT'"
b'@MelodifulEBR @VictoriaLBruce He accepted the candidacy due up \xe2\x80\x9c political reasons \xe2\x80\x9c but he has NOT stopped fightin\xe2\x80\xa6 https://t.co/vbthkIDZfi'
"b""@ParmesanCrack @RestingTwitFace @vespertilioAJR @w_terrence \xe2\x80\x9cAs part of the US election's dirty tricks, an anti-Bar\xe2\x80\xa6 https://t.co/HjAiJtXnXY"""
"b""@Cess1980 @realDailyWire But you love being lied to on repeat, so I'm confused?\n\nGet help. You are in a cult. \n\nhttps://t.co/TRyQaNjf2f"""
b'Tomorrow is an ELECTION DAY  !\nState Superintendent\nJustices\nThey matter. They make decisions that effect our lives\xe2\x80\xa6 https://t.co/kReg8Gp3g5'
b'OSPE Members! \xf0\x9f\x93\xa2\xf0\x9f\x93\xa2\n\nThere is less than two weeks left to cast your vote in our 2021 Board of Directors election. If y\xe2\x80\xa6 https://t.co/ReZBZcsWYp'
b'@Shoon_Naing Since the last US election the world knew that CNN ever proclaiming a fake news..regarding myanmar sit\xe2\x80\xa6 https://t.co/afoIuX4mAj'
"b'\xf0\x9f\x91\x80\n\n6 in 10 Republicans believe false Trump claim election ""was stolen"" from him due to voter fraud.\n\nHalf of Republ\xe2\x80\xa6 https://t.co/e5kE0j3AiD'"
"b""@JennaEllisEsq OK heresy, now explain to us what Rev Warnock said was heresy.\n\nIt's fascinating you attack the POC\xe2\x80\xa6 https://t.co/OzBvrU06Ln"""
b'@LeaderMcConnell We can\xe2\x80\x99t have the lie that Biden didn\xe2\x80\x99t win the election perpetuate endlessly. Trump is now an alt\xe2\x80\xa6 https://t.co/cn2kg8HC7s'
"b""Our Election Hub Live is Live!\nAt @thecourieruk @pressjournal we've pushed ourselves out of our comfort zone and la\xe2\x80\xa6 https://t.co/ylSvSBBVl1"""
b'Latest news from our live coverage of US Election uncovers landslide victory. More updates to follow.'
"b'Tim Cook Rips Georgia Election Bill, Gets Hit for Silence on China https://t.co/LC1eNBIpu5 #Newsmax via @Newsmax'"
b'Young Palestinians express little faith in first elections they have known https://t.co/zfInVwHyuY'
"b""@Esosa_Osa You're parroting Dem talking points that have been debunked. Four pinnochios for Biden's references, yet\xe2\x80\xa6 https://t.co/rjiF92pszN"""
"b""@LesleyRiddoch Are you really so stupid? This is an election about who's supposed to govern us &amp; supposedly run &amp; p\xe2\x80\xa6 https://t.co/PYZK7Vthli"""
b'@MattMackowiak @DougAndres \xe2\x80\x9cI would like you to do us a favor though.\xe2\x80\x9d \n\n\xe2\x80\x9cThis election has to be turned around.\xe2\x80\x9d\xe2\x80\xa6 https://t.co/ESiPpEeNA6'
b'Why is she not going to jail for election interference? https://t.co/NapcTDz9HS'
b'@eneffseetee @go_theodore @tedcruz Do you remember how Ted lied about the election for months? Then he made a speec\xe2\x80\xa6 https://t.co/zqiKK3v6e8'
"b'@Andrew_Adonis Andrew, you know we can\xe2\x80\x99t begin to do that until Labour is in power. That\xe2\x80\x99s exactly the sort of ammu\xe2\x80\xa6 https://t.co/NkJzi77N31'"
b'Tamil Nadu General Assembly Elections 2021 Assured Minimum Facilitywithrespect toCOVID19 Situation.Let us follow th\xe2\x80\xa6 https://t.co/USbDr6DBTA'
"b'\'Six in 10 Republicans also believe the false claim put out by Trump that November\'s presidential election ""was sto\xe2\x80\xa6 https://t.co/3HQO9x93EU'"
"b'When We the People want a government that listens to US, then we the people will publicly fund election campaigns a\xe2\x80\xa6 https://t.co/duM9iiTgme'"
"b""@samueljmargrave @greennuneaton @Marcus4Nuneaton And I think it's clear that one of us is objective, and one of us\xe2\x80\xa6 https://t.co/iDIFv7B8tv"""
"b""@MsResJudicata That's Biden losing the next election if he tries to ban guns in the US."""
"b'@burgessev @marianne_levine Tell me again how Republicans jammed a SCOTUS nominee through DURING an election, in 8\xe2\x80\xa6 https://t.co/ty612v3pli'"
b'Dominion will save us all!\n\nhttps://t.co/sgb5tJ99pp'
b'Graphic designer and art director Julian Williams is a man of many talents. He sat with us this week and discussed\xe2\x80\xa6 https://t.co/ePnaE7je5n'
"b'any other way. Nevertheless, for those of us moving beyond this nonsense, there is an election in Wisconsin tommoro\xe2\x80\xa6 https://t.co/LCMrSjP0XI'"
b'@AAbdishakur We the somalis youth are vigilant more than ever. Nobody can sell us a petty individual campaign and q\xe2\x80\xa6 https://t.co/xSSO35IXti'
"b'#VoterSupression ""The secretary of state is removed as a voting member of the State Election Board.The #GOP-led\xe2\x80\xa6 https://t.co/kI0iPdZVI7'"
b'\xf0\x9f\x91\x8f#Louisiana LA-02 Special Election #RunOff #Election2021-April-24\xf0\x9f\x91\x8f\n\nSupport KAREN CARTER PETERSON #LA02 &amp;\xe2\x80\xa6 https://t.co/kJAoxIFqyG'
b'History will reflect that Reality Winner spent years in prison for warning the US about Russian interference in the\xe2\x80\xa6 https://t.co/Kqi7atvkUd'
b'Young Palestinians express little faith in first elections they have known\n\n https://t.co/pFw4kcBMu1'
b'Greenland has an election on Tuesday. Why are the U.S. and China so interested in its outcome? /via @globeandmail https://t.co/V1bQK3nLmH'
"b""Who needs Twitter? Trump wishes happy Easter to 'radical left crazies' https://t.co/q1wI5rIEWO Yes the election was\xe2\x80\xa6 https://t.co/tTfINWTAeY"""
"b'*Come ^fly^ with us*, mean while in the stock world. \n\nAmerican Airlines Caves To Cancel Culture, Opposes Election\xe2\x80\xa6 https://t.co/Tw0zfDN7QU'"
b'That \xe2\x80\x9cabout half of Republicans believe the siege was largely a non-violent protest or was the handiwork of left-wi\xe2\x80\xa6 https://t.co/tXY16gAb8w'
b'@DrAhmadLawan @OlumideAkpata @JJarigbe Why has the Rule of Law not prevailed in the Case of the Supreme Court Judgm\xe2\x80\xa6 https://t.co/cfHfQtCgVj'
b'Tomorrow is Election Day! Your polling location may have changed - look it up online: https://t.co/h4DZS5r2nt\xe2\x80\xa6 https://t.co/KHb1XjsUY1'
"b'Six in 10 Republicans also believe the false claim put out by Trump that November\'s presidential election ""was stol\xe2\x80\xa6 https://t.co/CLwxNE74wX'"
b'$RSSS / Research Solutions files form 8-K - Departure of Directors or Certain Officers; Election of Directors; Appo\xe2\x80\xa6 https://t.co/MsBrBpoek2'
b'@jointdoc1 @BernardKerik @CocaCola @pepsi Gives GOP state leg more power over elections than the State Election Boa\xe2\x80\xa6 https://t.co/MejozBtjJE'
b'\xe2\x9c\x8c\xef\xb8\x8f Days until Election Day(s)! Make your voice heard and elect Burke + Lowe as your 61st HUSA Administration on Apr\xe2\x80\xa6 https://t.co/UQTAih9Nix'
"b""@GeneCustom @BernardKerik @CocaCola @pepsi I mean, if you don't believe me, believe the actual architects of laws l\xe2\x80\xa6 https://t.co/xbiz668DGA"""
"b'""#Republican-controlled legislature has MORE CONTROL over #State #Election Board. Mobile voting centers (think an R\xe2\x80\xa6 https://t.co/n3LZAhdOqH'"
"b""60% of Republicans believe the 2020 election was stolen. \nIt was not.\n\nWhen GOP Leaders say they need to 'restore c\xe2\x80\xa6 https://t.co/fAvCNn3dJt"""
b'@MooreintheAM - you should have muted #debhutton AS SOON AS SHE CONDONED the myth of electoral fraud. It has been p\xe2\x80\xa6 https://t.co/sSph5bmUzW'
b'Reserve Election Staff needed!\nCan you help us out at the elections on Thursday 6th May?\nIf you are interested and\xe2\x80\xa6 https://t.co/BhdXogZzUn'
"b""A devastating year for so many kids left behind in the City of Pittsburgh. It's election in the city, yet no candid\xe2\x80\xa6 https://t.co/DQXzzSc5go"""
"b""@go_oat you don't think this is correct? I sense that's exactly what happened to the US Catholic church between the\xe2\x80\xa6 https://t.co/GjTWcVyZ6U"""
"b'In Virginia governor\xe2\x80\x99s race, Trump\xe2\x80\x99s false stolen-election claim looms large https://t.co/IX33PHBIuw'"
b'GOP doesn\xe2\x80\x99t have the guts to contest anything do they?\n\nhttps://t.co/7Xnhwy7q2m'
b'Georgia GOP Lawmakers Demand Removal of Coca-Cola Products From Office Amid Election Law Spat\xe2\x80\xa6 https://t.co/7FkuzrS6dU'
b'Voters will now have less time to request absentee ballots..strict new ID requirements for absentee ballots..now il\xe2\x80\xa6 https://t.co/9Rni87V3RX'
"b""Chris Christie: Biden \xe2\x80\x98lying' about Georgia election law https://t.co/E1mGRdMNCx tell it like it is every word put\xe2\x80\xa6 https://t.co/9BuzLFKo2e"""
"b""Does @CNN do anything but lie these days? Seriously, I used to rely on them for news but it's embarrassingly how op\xe2\x80\xa6 https://t.co/rAlQJKtTZd"""
"b""Barr tells prosecutors to pursue 'clear' fraud claims, without evidence \xe2\x80\x93 as it happened https://t.co/GnMpGJUOy7"""
"b'Thinking about the SNP political campaign strategy in this election so far.\nI see, after 14 years of failure, becau\xe2\x80\xa6 https://t.co/tUvNcBMZ17'"
b'\xe2\x80\x9cDon\xe2\x80\x99t you dare try to tell me that people are blaming this on antifa and BLM. We proudly take responsibility for s\xe2\x80\xa6 https://t.co/lPU5Xdvaxz'
b'I feel so much safer knowing that Silicon Valley billionaire Democrats are protecting us from election meddling. https://t.co/cM0UH0DmGi'
"b'@JennaEllisEsq @DavidBrodyCBN @JoyAnnReid @mehdirhasan Meanwhile, in the real world:\n\nIn 2017, Dallas megachurch pa\xe2\x80\xa6 https://t.co/sTkjFzKusk'"
"b'Yoonstream broadcasters are trying to ignore the Alba party in their election coverage, so it\xe2\x80\x99s up to us to get the\xe2\x80\xa6 https://t.co/g5iU6VfQCe'"
"b'Trump Puts Out Statement Ranting About Election That Ends With \xe2\x80\x98Other Than That, Happy Easter!\xe2\x80\x99 https://t.co/aEmgPpqSyH'"
"b'Lying about an election, getting people all fired up about it, making money off the lie still, the US Capitol attac\xe2\x80\xa6 https://t.co/Oyugla8U8L'"
"b""I hope you'll lend similar support for UKIP to be involved as well, Andrew. We won 7 seats in 2016 and have outpoll\xe2\x80\xa6 https://t.co/9YgeQl9Cz7"""
"b'@Rythmol81 D. Fowler,  We have been screwed by the liberals since they won the election. Those in charge of the fil\xe2\x80\xa6 https://t.co/U6doaJEYKx'"
b'@hkfp 2/ .. including the last one that lost them the District Council Election in 2019. Plus an increasingly unten\xe2\x80\xa6 https://t.co/PiVENH0IhT'
"b""Cooper served from 1983-1995. He lost to Fred Thompson in a 1994 bid to fill Al Gore's Senate seat. (A republican w\xe2\x80\xa6 https://t.co/NXn0myBe23"""
b'Republican AGs group were part of a gigantic Con job on the American People that was part of a conspiracy  to overt\xe2\x80\xa6 https://t.co/JOyluknDqD'
b'IMO he sold us out to dominion and got in bed with China. He illegally took kickbacks and cash and incentives from\xe2\x80\xa6 https://t.co/RRcT7xa6i9'
b'I want a strong America. That\xe2\x80\x99s why we need to elect new representation that think like us. It\xe2\x80\x99s the same in Wyomin\xe2\x80\xa6 https://t.co/rq6fo4kc5q'
b'I very much sympathise with Paul here when it comes to the online bullying/abuse from some Yessers. But this also h\xe2\x80\xa6 https://t.co/esGPDTD4cv'
"b'@gregkellyusa @CocaCola @DietCoke Okay Greg, why don\xe2\x80\x99t you explain GEORGIA ELECTION LAW to us.'"
b'@GovKemp White RACIST Georgia\xe2\x80\x99s Republicans have paralyzed democracy that can  protect us.  Their shameful paralysi\xe2\x80\xa6 https://t.co/B4f9YQGoXT'
"b'@patriottakes Wokeism is social responsibility and if they want to survive, the should be pandering to the left bec\xe2\x80\xa6 https://t.co/nyW22mnqAB'"
b'Reuters/Ipsos poll: Half of Republicans believe that the US Capitol riot was largely a non-violent protest or was t\xe2\x80\xa6 https://t.co/qfC73320Gh'
b'@ConcernedSide @ColumbusNYC @AFineBlogger @NYDailyNews @BKBoroHall @KGforNYC @scottmstringer @Dianne4NYC\xe2\x80\xa6 https://t.co/pbhBAfMGbS'
"b""I can't even articulate the level of pissed i get at the people who allow themselves to believe the patently stupid\xe2\x80\xa6 https://t.co/iDdqDUtAZG"""
b'What the US government is doing to America especially during a Covid Pandemic is CRIMINAL.\n\nDemocrats stole the ele\xe2\x80\xa6 https://t.co/QSMyPyZ8L4'
b'Ken Burns: People are making lots of money off \xe2\x80\x98the big lie\xe2\x80\x99 of US election fraud https://t.co/Pa108Fcs5U via\xe2\x80\xa6 https://t.co/TyTCjQe1UT'
"b'Covering the election in Kildare I overheard a Fianna F\xc3\xa1iler saying to a Fine Gaeler, ""They are trying to force us\xe2\x80\xa6 https://t.co/giQirWk5Yl'"
b'@BrittMezher I was jealous when Biden won the US election because that is the sort of change we need here.\nI can on\xe2\x80\xa6 https://t.co/jyOlxv6sFI'
"b'@AliAbdi_ @LloydCymru @Grange_Pavilion @MFABulgaria Bulgaria has compulsory voting, tho not sure what the sanction\xe2\x80\xa6 https://t.co/sxm2fzu6ty'"
"b'Six in 10 Republicans also believe the false claim put out by Trump that November\'s presidential election ""was stol\xe2\x80\xa6 https://t.co/JW7wQAbilR'"
b'@jaketapper It\xe2\x80\x99s an attack on us. You don\xe2\x80\x99t talk it away @GOP You man up and do what\xe2\x80\x99s right. What\xe2\x80\x99s a nation witho\xe2\x80\xa6 https://t.co/bN8dyOwzDa'
"b""@Old_Crone5 @Jo_Caulfield @Keir_Starmer @UKLabour It's not the numbers of votes, it's those votes translating into\xe2\x80\xa6 https://t.co/UeeO8CaroH"""
b'@CBSThisMorning @MLB @KeishaBottoms Gov Kemp must think all of us are as stupid as his supporters are. Remember he\xe2\x80\xa6 https://t.co/VXYsQfOJ1h'
"b'If you want to know what changes the election bill includes, \xe2\x81\xa6@nytimes\xe2\x81\xa9 published a great article highlighting the\xe2\x80\xa6 https://t.co/amM7kjUBK0'"
"b""@paulscollins @TheAwkwardDrop @hannahmartinn @NoLore Financial as well.  There's an election next year. Without $ h\xe2\x80\xa6 https://t.co/uLcgdQG6DO"""
"b'@SRuhle Agree with you 100% - All Americans should be making it easier, not harder, to vote in this country.  Basel\xe2\x80\xa6 https://t.co/52IOu9cKSZ'"
"b'In Virginia governor\xe2\x80\x99s race, Trump\xe2\x80\x99s false stolen-election claim looms large https://t.co/Vvo8ZpWYHY'"
b'I still can\xe2\x80\x99t believe that republicans let Trump walk on treason. That\xe2\x80\x99s gonna fester in me forever. They let him a\xe2\x80\xa6 https://t.co/xgrHwq9w0J'
"b""Barack Obama's Twitter account is the official account on social networking site Twitter for former President of th\xe2\x80\xa6 https://t.co/lcms8G4ayh"""
"@OANN Of course he is, but why the Supreme Court voted to choose him over Trump with all those overwhelming evidenc… https://t.co/7V1qwR0sWC"
It’s hard to articulate the level of annoyed i get at the people who allow themselves to believe the patently stupi… https://t.co/fZM8Mdxj72
"This is horrifying &amp; terrifying: Half of #Republicans believe false accounts of deadly U.S. Capitol riot, blaming t… https://t.co/YGtkGEiPso"
"@suestwitpage @JulieOwenMoylan I am not aware of the ins &amp; outs of the French voting system, but somethings we have… https://t.co/BFVWLZHsx8"
So protesting requirement for voter Id and/or government Id for signature match? Protesting says you're okay with c… https://t.co/n7880UGRCZ
"as the source of a leaked National Security Agency document, which detailed alleged Russian interference in the 201… https://t.co/K35RoPjdRJ"
@Suewilson91 The membership needs to understand that in order to win and election you need to take the electorate w… https://t.co/HPwISDUBuu
"b'This is perhaps one of the best illustrations that ""Cancel Culture"" is a legitimate social phenomenon. Respect is e\xe2\x80\xa6 https://t.co/EDLIfsfpoZ'"
b'@Bloke_On_Bike @Splodgehappy We don\xe2\x80\x99t like being told what\xe2\x80\x99s best for us by southerners. That\xe2\x80\x99s why Corbyn got utte\xe2\x80\xa6 https://t.co/HuzAX26eQx'
"b'\xe2\x80\x9cIn part, I would suggest that the CCP has learned from what it saw from Russian disinformation efforts during the\xe2\x80\xa6 https://t.co/uo8SMf3eTS'"
"b'Fight election reform by choosing totalitarianism?? Three strikes..... you\xe2\x80\x99re OUT!!!! MLB boycotts Georgia, signs n\xe2\x80\xa6 https://t.co/BhvYw3wPtl'"
b'@TeddyR0osevelt @AnonymousPOV @abi_bakare @FrankLuntz Control of the election is determined by the legislature not\xe2\x80\xa6 https://t.co/oWB7sLIU6d'
"b'David Lifschultz: Empire Against US, China, Russia \xe2\x80\x93 SUN TZU DEFEATS U.S. The geopolitical dice article below refle\xe2\x80\xa6 https://t.co/FQRnGdLT68'"
"b'@OANN Of course he is, but why the Supreme Court voted to choose him over Trump with all those overwhelming evidenc\xe2\x80\xa6 https://t.co/7V1qwR0sWC'"
b'It\xe2\x80\x99s hard to articulate the level of annoyed i get at the people who allow themselves to believe the patently stupi\xe2\x80\xa6 https://t.co/fZM8Mdxj72'
"b'This is horrifying &amp; terrifying: Half of #Republicans believe false accounts of deadly U.S. Capitol riot, blaming t\xe2\x80\xa6 https://t.co/YGtkGEiPso'"
"b'@suestwitpage @JulieOwenMoylan I am not aware of the ins &amp; outs of the French voting system, but somethings we have\xe2\x80\xa6 https://t.co/BFVWLZHsx8'"
"b""So protesting requirement for voter Id and/or government Id for signature match? Protesting says you're okay with c\xe2\x80\xa6 https://t.co/n7880UGRCZ"""
"b'as the source of a leaked National Security Agency document, which detailed alleged Russian interference in the 201\xe2\x80\xa6 https://t.co/K35RoPjdRJ'"
b'@Suewilson91 The membership needs to understand that in order to win and election you need to take the electorate w\xe2\x80\xa6 https://t.co/HPwISDUBuu'
"b'@synapsize @FiveThirtyEight \xf0\x9f\x91\x8b\xf0\x9f\x8f\xbbnot GOP, just someone who has watched media turn into nothing but propaganda in the l\xe2\x80\xa6 https://t.co/eg5X6HEUoa'"
"b'Half of Republicans believe the insurrection was a non-violent protest or was the handiwork of left-wing activists,\xe2\x80\xa6 https://t.co/j0nN2TWzRy'"
"b'Hey @60Minutes, you missed this one as well\n\n""Pharma majors such as Pfizer, Amgen, Abbvie and Johnson &amp; Johnson mad\xe2\x80\xa6 https://t.co/OW2fC9drRT'"
b'@MelodifulEBR @VictoriaLBruce He accepted the candidacy due up \xe2\x80\x9c political reasons \xe2\x80\x9c but he has NOT stopped fightin\xe2\x80\xa6 https://t.co/vbthkIDZfi'
"b""@ParmesanCrack @RestingTwitFace @vespertilioAJR @w_terrence \xe2\x80\x9cAs part of the US election's dirty tricks, an anti-Bar\xe2\x80\xa6 https://t.co/HjAiJtXnXY"""
"b""@Cess1980 @realDailyWire But you love being lied to on repeat, so I'm confused?\n\nGet help. You are in a cult. \n\nhttps://t.co/TRyQaNjf2f"""
b'Tomorrow is an ELECTION DAY  !\nState Superintendent\nJustices\nThey matter. They make decisions that effect our lives\xe2\x80\xa6 https://t.co/kReg8Gp3g5'
b'OSPE Members! \xf0\x9f\x93\xa2\xf0\x9f\x93\xa2\n\nThere is less than two weeks left to cast your vote in our 2021 Board of Directors election. If y\xe2\x80\xa6 https://t.co/ReZBZcsWYp'
b'@Shoon_Naing Since the last US election the world knew that CNN ever proclaiming a fake news..regarding myanmar sit\xe2\x80\xa6 https://t.co/afoIuX4mAj'
"b'\xf0\x9f\x91\x80\n\n6 in 10 Republicans believe false Trump claim election ""was stolen"" from him due to voter fraud.\n\nHalf of Republ\xe2\x80\xa6 https://t.co/e5kE0j3AiD'"
"b""@JennaEllisEsq OK heresy, now explain to us what Rev Warnock said was heresy.\n\nIt's fascinating you attack the POC\xe2\x80\xa6 https://t.co/OzBvrU06Ln"""
b'@LeaderMcConnell We can\xe2\x80\x99t have the lie that Biden didn\xe2\x80\x99t win the election perpetuate endlessly. Trump is now an alt\xe2\x80\xa6 https://t.co/cn2kg8HC7s'
"b""Our Election Hub Live is Live!\nAt @thecourieruk @pressjournal we've pushed ourselves out of our comfort zone and la\xe2\x80\xa6 https://t.co/ylSvSBBVl1"""
b'Latest news from our live coverage of US Election uncovers landslide victory. More updates to follow.'
"b'Tim Cook Rips Georgia Election Bill, Gets Hit for Silence on China https://t.co/LC1eNBIpu5 #Newsmax via @Newsmax'"
b'Young Palestinians express little faith in first elections they have known https://t.co/zfInVwHyuY'
"b""@Esosa_Osa You're parroting Dem talking points that have been debunked. Four pinnochios for Biden's references, yet\xe2\x80\xa6 https://t.co/rjiF92pszN"""
"b""@LesleyRiddoch Are you really so stupid? This is an election about who's supposed to govern us &amp; supposedly run &amp; p\xe2\x80\xa6 https://t.co/PYZK7Vthli"""
b'Why is she not going to jail for election interference? https://t.co/NapcTDz9HS'
b'@eneffseetee @go_theodore @tedcruz Do you remember how Ted lied about the election for months? Then he made a speec\xe2\x80\xa6 https://t.co/zqiKK3v6e8'
"b'@Andrew_Adonis Andrew, you know we can\xe2\x80\x99t begin to do that until Labour is in power. That\xe2\x80\x99s exactly the sort of ammu\xe2\x80\xa6 https://t.co/NkJzi77N31'"
b'Tamil Nadu General Assembly Elections 2021 Assured Minimum Facilitywithrespect toCOVID19 Situation.Let us follow th\xe2\x80\xa6 https://t.co/USbDr6DBTA'
"b'\'Six in 10 Republicans also believe the false claim put out by Trump that November\'s presidential election ""was sto\xe2\x80\xa6 https://t.co/3HQO9x93EU'"
"b'When We the People want a government that listens to US, then we the people will publicly fund election campaigns a\xe2\x80\xa6 https://t.co/duM9iiTgme'"
"b""@samueljmargrave @greennuneaton @Marcus4Nuneaton And I think it's clear that one of us is objective, and one of us\xe2\x80\xa6 https://t.co/iDIFv7B8tv"""
"b""@MsResJudicata That's Biden losing the next election if he tries to ban guns in the US."""
"b'@burgessev @marianne_levine Tell me again how Republicans jammed a SCOTUS nominee through DURING an election, in 8\xe2\x80\xa6 https://t.co/ty612v3pli'"
b'Dominion will save us all!\n\nhttps://t.co/sgb5tJ99pp'
b'Graphic designer and art director Julian Williams is a man of many talents. He sat with us this week and discussed\xe2\x80\xa6 https://t.co/ePnaE7je5n'
"b'any other way. Nevertheless, for those of us moving beyond this nonsense, there is an election in Wisconsin tommoro\xe2\x80\xa6 https://t.co/LCMrSjP0XI'"
b'@AAbdishakur We the somalis youth are vigilant more than ever. Nobody can sell us a petty individual campaign and q\xe2\x80\xa6 https://t.co/xSSO35IXti'
"b'#VoterSupression ""The secretary of state is removed as a voting member of the State Election Board.The #GOP-led\xe2\x80\xa6 https://t.co/kI0iPdZVI7'"
b'\xf0\x9f\x91\x8f#Louisiana LA-02 Special Election #RunOff #Election2021-April-24\xf0\x9f\x91\x8f\n\nSupport KAREN CARTER PETERSON #LA02 &amp;\xe2\x80\xa6 https://t.co/kJAoxIFqyG'
b'History will reflect that Reality Winner spent years in prison for warning the US about Russian interference in the\xe2\x80\xa6 https://t.co/Kqi7atvkUd'
b'Young Palestinians express little faith in first elections they have known\n\n https://t.co/pFw4kcBMu1'
b'Greenland has an election on Tuesday. Why are the U.S. and China so interested in its outcome? /via @globeandmail https://t.co/V1bQK3nLmH'
"b""Who needs Twitter? Trump wishes happy Easter to 'radical left crazies' https://t.co/q1wI5rIEWO Yes the election was\xe2\x80\xa6 https://t.co/tTfINWTAeY"""
"b'*Come ^fly^ with us*, mean while in the stock world. \n\nAmerican Airlines Caves To Cancel Culture, Opposes Election\xe2\x80\xa6 https://t.co/Tw0zfDN7QU'"
b'That \xe2\x80\x9cabout half of Republicans believe the siege was largely a non-violent protest or was the handiwork of left-wi\xe2\x80\xa6 https://t.co/tXY16gAb8w'
b'@DrAhmadLawan @OlumideAkpata @JJarigbe Why has the Rule of Law not prevailed in the Case of the Supreme Court Judgm\xe2\x80\xa6 https://t.co/cfHfQtCgVj'
b'Tomorrow is Election Day! Your polling location may have changed - look it up online: https://t.co/h4DZS5r2nt\xe2\x80\xa6 https://t.co/KHb1XjsUY1'
"b'Six in 10 Republicans also believe the false claim put out by Trump that November\'s presidential election ""was stol\xe2\x80\xa6 https://t.co/CLwxNE74wX'"
b'$RSSS / Research Solutions files form 8-K - Departure of Directors or Certain Officers; Election of Directors; Appo\xe2\x80\xa6 https://t.co/MsBrBpoek2'
b'@jointdoc1 @BernardKerik @CocaCola @pepsi Gives GOP state leg more power over elections than the State Election Boa\xe2\x80\xa6 https://t.co/MejozBtjJE'
b'\xe2\x9c\x8c\xef\xb8\x8f Days until Election Day(s)! Make your voice heard and elect Burke + Lowe as your 61st HUSA Administration on Apr\xe2\x80\xa6 https://t.co/UQTAih9Nix'
"b""@GeneCustom @BernardKerik @CocaCola @pepsi I mean, if you don't believe me, believe the actual architects of laws l\xe2\x80\xa6 https://t.co/xbiz668DGA"""
"b'""#Republican-controlled legislature has MORE CONTROL over #State #Election Board. Mobile voting centers (think an R\xe2\x80\xa6 https://t.co/n3LZAhdOqH'"
"b""60% of Republicans believe the 2020 election was stolen. \nIt was not.\n\nWhen GOP Leaders say they need to 'restore c\xe2\x80\xa6 https://t.co/fAvCNn3dJt"""
b'@MooreintheAM - you should have muted #debhutton AS SOON AS SHE CONDONED the myth of electoral fraud. It has been p\xe2\x80\xa6 https://t.co/sSph5bmUzW'
b'Reserve Election Staff needed!\nCan you help us out at the elections on Thursday 6th May?\nIf you are interested and\xe2\x80\xa6 https://t.co/BhdXogZzUn'
"b""A devastating year for so many kids left behind in the City of Pittsburgh. It's election in the city, yet no candid\xe2\x80\xa6 https://t.co/DQXzzSc5go"""
"b""@go_oat you don't think this is correct? I sense that's exactly what happened to the US Catholic church between the\xe2\x80\xa6 https://t.co/GjTWcVyZ6U"""
"b'In Virginia governor\xe2\x80\x99s race, Trump\xe2\x80\x99s false stolen-election claim looms large https://t.co/IX33PHBIuw'"
b'GOP doesn\xe2\x80\x99t have the guts to contest anything do they?\n\nhttps://t.co/7Xnhwy7q2m'
b'Georgia GOP Lawmakers Demand Removal of Coca-Cola Products From Office Amid Election Law Spat\xe2\x80\xa6 https://t.co/7FkuzrS6dU'
b'Voters will now have less time to request absentee ballots..strict new ID requirements for absentee ballots..now il\xe2\x80\xa6 https://t.co/9Rni87V3RX'
"b""Chris Christie: Biden \xe2\x80\x98lying' about Georgia election law https://t.co/E1mGRdMNCx tell it like it is every word put\xe2\x80\xa6 https://t.co/9BuzLFKo2e"""
"b""Does @CNN do anything but lie these days? Seriously, I used to rely on them for news but it's embarrassingly how op\xe2\x80\xa6 https://t.co/rAlQJKtTZd"""
"b""Barr tells prosecutors to pursue 'clear' fraud claims, without evidence \xe2\x80\x93 as it happened https://t.co/GnMpGJUOy7"""
"b'Thinking about the SNP political campaign strategy in this election so far.\nI see, after 14 years of failure, becau\xe2\x80\xa6 https://t.co/tUvNcBMZ17'"
b'\xe2\x80\x9cDon\xe2\x80\x99t you dare try to tell me that people are blaming this on antifa and BLM. We proudly take responsibility for s\xe2\x80\xa6 https://t.co/lPU5Xdvaxz'
b'I feel so much safer knowing that Silicon Valley billionaire Democrats are protecting us from election meddling. https://t.co/cM0UH0DmGi'
"b'@JennaEllisEsq @DavidBrodyCBN @JoyAnnReid @mehdirhasan Meanwhile, in the real world:\n\nIn 2017, Dallas megachurch pa\xe2\x80\xa6 https://t.co/sTkjFzKusk'"
"b'Yoonstream broadcasters are trying to ignore the Alba party in their election coverage, so it\xe2\x80\x99s up to us to get the\xe2\x80\xa6 https://t.co/g5iU6VfQCe'"
"b'Trump Puts Out Statement Ranting About Election That Ends With \xe2\x80\x98Other Than That, Happy Easter!\xe2\x80\x99 https://t.co/aEmgPpqSyH'"
"b'Lying about an election, getting people all fired up about it, making money off the lie still, the US Capitol attac\xe2\x80\xa6 https://t.co/Oyugla8U8L'"
"b""I hope you'll lend similar support for UKIP to be involved as well, Andrew. We won 7 seats in 2016 and have outpoll\xe2\x80\xa6 https://t.co/9YgeQl9Cz7"""
"b'@Rythmol81 D. Fowler,  We have been screwed by the liberals since they won the election. Those in charge of the fil\xe2\x80\xa6 https://t.co/U6doaJEYKx'"
b'@hkfp 2/ .. including the last one that lost them the District Council Election in 2019. Plus an increasingly unten\xe2\x80\xa6 https://t.co/PiVENH0IhT'
"b""Cooper served from 1983-1995. He lost to Fred Thompson in a 1994 bid to fill Al Gore's Senate seat. (A republican w\xe2\x80\xa6 https://t.co/NXn0myBe23"""
b'Republican AGs group were part of a gigantic Con job on the American People that was part of a conspiracy  to overt\xe2\x80\xa6 https://t.co/JOyluknDqD'
b'IMO he sold us out to dominion and got in bed with China. He illegally took kickbacks and cash and incentives from\xe2\x80\xa6 https://t.co/RRcT7xa6i9'
b'I want a strong America. That\xe2\x80\x99s why we need to elect new representation that think like us. It\xe2\x80\x99s the same in Wyomin\xe2\x80\xa6 https://t.co/rq6fo4kc5q'
b'I very much sympathise with Paul here when it comes to the online bullying/abuse from some Yessers. But this also h\xe2\x80\xa6 https://t.co/esGPDTD4cv'
"b'@gregkellyusa @CocaCola @DietCoke Okay Greg, why don\xe2\x80\x99t you explain GEORGIA ELECTION LAW to us.'"
b'@GovKemp White RACIST Georgia\xe2\x80\x99s Republicans have paralyzed democracy that can  protect us.  Their shameful paralysi\xe2\x80\xa6 https://t.co/B4f9YQGoXT'
"b'@patriottakes Wokeism is social responsibility and if they want to survive, the should be pandering to the left bec\xe2\x80\xa6 https://t.co/nyW22mnqAB'"
b'Reuters/Ipsos poll: Half of Republicans believe that the US Capitol riot was largely a non-violent protest or was t\xe2\x80\xa6 https://t.co/qfC73320Gh'
b'@ConcernedSide @ColumbusNYC @AFineBlogger @NYDailyNews @BKBoroHall @KGforNYC @scottmstringer @Dianne4NYC\xe2\x80\xa6 https://t.co/pbhBAfMGbS'
"b""I can't even articulate the level of pissed i get at the people who allow themselves to believe the patently stupid\xe2\x80\xa6 https://t.co/iDdqDUtAZG"""
b'What the US government is doing to America especially during a Covid Pandemic is CRIMINAL.\n\nDemocrats stole the ele\xe2\x80\xa6 https://t.co/QSMyPyZ8L4'
b'Ken Burns: People are making lots of money off \xe2\x80\x98the big lie\xe2\x80\x99 of US election fraud https://t.co/Pa108Fcs5U via\xe2\x80\xa6 https://t.co/TyTCjQe1UT'
"b'Covering the election in Kildare I overheard a Fianna F\xc3\xa1iler saying to a Fine Gaeler, ""They are trying to force us\xe2\x80\xa6 https://t.co/giQirWk5Yl'"
b'@BrittMezher I was jealous when Biden won the US election because that is the sort of change we need here.\nI can on\xe2\x80\xa6 https://t.co/jyOlxv6sFI'
"b'@AliAbdi_ @LloydCymru @Grange_Pavilion @MFABulgaria Bulgaria has compulsory voting, tho not sure what the sanction\xe2\x80\xa6 https://t.co/sxm2fzu6ty'"
"b'Six in 10 Republicans also believe the false claim put out by Trump that November\'s presidential election ""was stol\xe2\x80\xa6 https://t.co/JW7wQAbilR'"
b'@jaketapper It\xe2\x80\x99s an attack on us. You don\xe2\x80\x99t talk it away @GOP You man up and do what\xe2\x80\x99s right. What\xe2\x80\x99s a nation witho\xe2\x80\xa6 https://t.co/bN8dyOwzDa'
